,Roll,Name,Email
0,2001MM01,Faythe Guillon,fguillonah@virginia.edu
1,2001MM02,Maryann De Meyer,mdeai@t.co
2,2001MM03,Portia Reaman,preamanaj@miibeian.gov.cn
3,2001MM04,Had Coad,hcoadak@umn.edu
4,2001MM05,Chauncey Vinton,cvintonal@ocn.ne.jp
5,2001MM06,Pedro Armatage,parmatageam@latimes.com
6,2001MM07,Carroll Benkhe,cbenkhean@kickstarter.com
7,2001MM08,Roseline Appleby,rapplebyao@cmu.edu
8,2001MM09,Ashlin Scamaden,ascamadenap@bluehost.com
9,2001MM10,Kylynn Scullard,kscullardaq@microsoft.com
10,2001MM11,Reyna Drable,rdrablear@go.com
11,2001MM12,Shandee Benettelli,sbenettellias@google.com
12,2001MM13,Webb Cleere,wcleereat@samsung.com
13,2001MM14,Ferdie Melliard,fmelliardau@nps.gov
14,2001MM15,Noach Schohier,nschohierav@bbb.org
15,2001MM16,Billie Tewkesberrie,btewkesberrieaw@statcounter.com
16,2001MM17,Ophelia Hayne,ohayneax@columbia.edu
17,2001MM18,Celinka Sweetenham,csweetenhamay@businessweek.com
18,2001MM19,Caddric Rubroe,crubroeaz@ca.gov
19,2001MM20,Jayson Adrien,jadrienb0@icq.com
20,2001MM21,Berne Okey,bokeyb1@facebook.com
21,2001MM22,Anatollo Davenhill,adavenhillb2@usda.gov
22,2001MM23,Wendie Burgwyn,wburgwynb3@nationalgeographic.com
23,2001MM24,Boris Casol,bcasolb4@bloglines.com
24,2001MM25,Rory Tutsell,rtutsellb5@wikimedia.org
25,2001MM26,Hew Tolemache,htolemacheb6@last.fm
26,2001MM27,Bette Oggers,boggersb7@istockphoto.com
27,2001MM28,Dougy Kubecka,dkubeckab8@xing.com
28,2001MM29,Carlyle Belamy,cbelamyb9@dell.com
29,2001MM30,Estella Brikner,ebriknerba@blogs.com
30,2001MM31,Camellia Doak,cdoakbb@zdnet.com
31,2001MM32,Yolande Andrioli,yandriolibc@chron.com
32,2001MM33,Minda Gudgin,mgudginbd@arizona.edu
33,2001MM34,Reeba Higgen,rhiggenbe@wisc.edu
34,2001MM35,Huberto Rohloff,hrohloffbf@oracle.com
35,2001MM36,Man Baldelli,mbaldellibg@163.com
36,2001MM37,Michel Osichev,mosichevbh@berkeley.edu
37,2001MM38,Patsy Stoade,pstoadebi@cbc.ca
38,2001MM39,Randi Rippin,rrippinbj@google.es
39,2001MM40,Oswald Spencers,ospencersbk@tumblr.com
